{"token": "ya29.A0ARrdaM_6C1SYazNCbxpehGRdd7JzUEEhS3HeWK-0UHQVyhje64tTrgGYAaTwQthNbM97ONKJfp7lsdxi8mtDhPyCvo6hGKlF7YmF1DUHjA_DeqQDOWrCmz2hJYsRxvTW8wuNGxr5fIE-wXOPhQccqNXn2J1Q", "refresh_token": "1//0g_mJAg_Kq7Z1CgYIARAAGBASNwF-L9IrmeFogFpSblUeJBzxWSwUyUdKkUIz4u9sCpzZYHxNjrNDzQ_B7qCDnsSsdNMoOXclxAE", "token_uri": "https://oauth2.googleapis.com/token", "client_id": "549171353906-1lsv1f3bd16bnaf1cf0dhk27bk5bgu71.apps.googleusercontent.com", "client_secret": "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", "scopes": ["https://www.googleapis.com/auth/drive"], "expiry": "2022-05-16T15:59:59.238834Z"}